audio_path,label,cat_id,status,notes
data/raw/dataset/B_ANI01_MC_FN_SIM01_101.wav,brushing,ANI01,valid,label from official CatMeows filename; cat_id from official CatMeows filename
data/raw/dataset/B_ANI01_MC_FN_SIM01_102.wav,brushing,ANI01,valid,label from official CatMeows filename; cat_id from official CatMeows filename
data/raw/dataset/B_ANI01_MC_FN_SIM01_103.wav,brushing,ANI01,valid,label from official CatMeows filename; cat_id from official CatMeows filename
data/raw/dataset/B_ANI01_MC_FN_SIM01_301.wav,brushing,ANI01,valid,label from official CatMeows filename; cat_id from official CatMeows filename
data/raw/dataset/B_ANI01_MC_FN_SIM01_302.wav,brushing,ANI01,valid,label from official CatMeows filename; cat_id from official CatMeows filename
data/raw/dataset/B_ANI01_MC_FN_SIM01_303.wav,brushing,ANI01,valid,label from official CatMeows filename; cat_id from official CatMeows filename
data/raw/dataset/B_BAC01_MC_MN_SIM01_101.wav,brushing,BAC01,valid,label from official CatMeows filename; cat_id from official CatMeows filename
data/raw/dataset/B_BAC01_MC_MN_SIM01_102.wav,brushing,BAC01,valid,label from official CatMeows filename; cat_id from official CatMeows filename
data/raw/dataset/B_BAC01_MC_MN_SIM01_103.wav,brushing,BAC01,valid,label from official CatMeows filename; cat_id from official CatMeows filename
data/raw/dataset/B_BAC01_MC_MN_SIM01_202.wav,brushing,BAC01,valid,label from official CatMeows filename; cat_id from official CatMeows filename
data/raw/dataset/B_BAC01_MC_MN_SIM01_301.wav,brushing,BAC01,valid,label from official CatMeows filename; cat_id from official CatMeows filename
data/raw/dataset/B_BAC01_MC_MN_SIM01_303.wav,brushing,BAC01,valid,label from official CatMeows filename; cat_id from official CatMeows filename
data/raw/dataset/B_BRA01_MC_MN_SIM01_101.wav,brushing,BRA01,valid,label from official CatMeows filename; cat_id from official CatMeows filename
data/raw/dataset/B_BRA01_MC_MN_SIM01_104.wav,brushing,BRA01,valid,label from official CatMeows filename; cat_id from official CatMeows filename
data/raw/dataset/B_BRA01_MC_MN_SIM01_105.wav,brushing,BRA01,valid,label from official CatMeows filename; cat_id from official CatMeows filename
data/raw/dataset/B_BRA01_MC_MN_SIM01_106.wav,brushing,BRA01,valid,label from official CatMeows filename; cat_id from official CatMeows filename
data/raw/dataset/B_BRA01_MC_MN_SIM01_301.wav,brushing,BRA01,valid,label from official CatMeows filename; cat_id from official CatMeows filename
data/raw/dataset/B_BRA01_MC_MN_SIM01_302.wav,brushing,BRA01,valid,label from official CatMeows filename; cat_id from official CatMeows filename
data/raw/dataset/B_BRA01_MC_MN_SIM01_303.wav,brushing,BRA01,valid,label from official CatMeows filename; cat_id from official CatMeows filename
data/raw/dataset/B_BRI01_MC_FI_SIM01_101.wav,brushing,BRI01,valid,label from official CatMeows filename; cat_id from official CatMeows filename
data/raw/dataset/B_BRI01_MC_FI_SIM01_102.wav,brushing,BRI01,valid,label from official CatMeows filename; cat_id from official CatMeows filename
data/raw/dataset/B_BRI01_MC_FI_SIM01_201.wav,brushing,BRI01,valid,label from official CatMeows filename; cat_id from official CatMeows filename
data/raw/dataset/B_BRI01_MC_FI_SIM01_202.wav,brushing,BRI01,valid,label from official CatMeows filename; cat_id from official CatMeows filename
data/raw/dataset/B_BRI01_MC_FI_SIM01_301.wav,brushing,BRI01,valid,label from official CatMeows filename; cat_id from official CatMeows filename
data/raw/dataset/B_BRI01_MC_FI_SIM01_302.wav,brushing,BRI01,valid,label from official CatMeows filename; cat_id from official CatMeows filename
data/raw/dataset/B_BRI01_MC_FI_SIM01_303.wav,brushing,BRI01,valid,label from official CatMeows filename; cat_id from official CatMeows filename
data/raw/dataset/B_CAN01_EU_FN_GIA01_101.wav,brushing,CAN01,valid,label from official CatMeows filename; cat_id from official CatMeows filename
data/raw/dataset/B_CAN01_EU_FN_GIA01_102.wav,brushing,CAN01,valid,label from official CatMeows filename; cat_id from official CatMeows filename
data/raw/dataset/B_CAN01_EU_FN_GIA01_103.wav,brushing,CAN01,valid,label from official CatMeows filename; cat_id from official CatMeows filename
data/raw/dataset/B_CAN01_EU_FN_GIA01_104.wav,brushing,CAN01,valid,label from official CatMeows filename; cat_id from official CatMeows filename
data/raw/dataset/B_CAN01_EU_FN_GIA01_105.wav,brushing,CAN01,valid,label from official CatMeows filename; cat_id from official CatMeows filename
data/raw/dataset/B_CAN01_EU_FN_GIA01_201.wav,brushing,CAN01,valid,label from official CatMeows filename; cat_id from official CatMeows filename
data/raw/dataset/B_CAN01_EU_FN_GIA01_202.wav,brushing,CAN01,valid,label from official CatMeows filename; cat_id from official CatMeows filename
data/raw/dataset/B_CAN01_EU_FN_GIA01_203.wav,brushing,CAN01,valid,label from official CatMeows filename; cat_id from official CatMeows filename
data/raw/dataset/B_CAN01_EU_FN_GIA01_204.wav,brushing,CAN01,valid,label from official CatMeows filename; cat_id from official CatMeows filename
data/raw/dataset/B_CAN01_EU_FN_GIA01_205.wav,brushing,CAN01,valid,label from official CatMeows filename; cat_id from official CatMeows filename
data/raw/dataset/B_CAN01_EU_FN_GIA01_206.wav,brushing,CAN01,valid,label from official CatMeows filename; cat_id from official CatMeows filename
data/raw/dataset/B_CAN01_EU_FN_GIA01_207.wav,brushing,CAN01,valid,label from official CatMeows filename; cat_id from official CatMeows filename
data/raw/dataset/B_CAN01_EU_FN_GIA01_208.wav,brushing,CAN01,valid,label from official CatMeows filename; cat_id from official CatMeows filename
data/raw/dataset/B_CAN01_EU_FN_GIA01_209.wav,brushing,CAN01,valid,label from official CatMeows filename; cat_id from official CatMeows filename
data/raw/dataset/B_CAN01_EU_FN_GIA01_210.wav,brushing,CAN01,valid,label from official CatMeows filename; cat_id from official CatMeows filename
data/raw/dataset/B_CAN01_EU_FN_GIA01_301.wav,brushing,CAN01,valid,label from official CatMeows filename; cat_id from official CatMeows filename
data/raw/dataset/B_CAN01_EU_FN_GIA01_302.wav,brushing,CAN01,valid,label from official CatMeows filename; cat_id from official CatMeows filename
data/raw/dataset/B_CAN01_EU_FN_GIA01_303.wav,brushing,CAN01,valid,label from official CatMeows filename; cat_id from official CatMeows filename
data/raw/dataset/B_CAN01_EU_FN_GIA01_304.wav,brushing,CAN01,valid,label from official CatMeows filename; cat_id from official CatMeows filename
data/raw/dataset/B_CAN01_EU_FN_GIA01_305.wav,brushing,CAN01,valid,label from official CatMeows filename; cat_id from official CatMeows filename
data/raw/dataset/B_CAN01_EU_FN_GIA01_306.wav,brushing,CAN01,valid,label from official CatMeows filename; cat_id from official CatMeows filename
data/raw/dataset/B_CAN01_EU_FN_GIA01_307.wav,brushing,CAN01,valid,label from official CatMeows filename; cat_id from official CatMeows filename
data/raw/dataset/B_CAN01_EU_FN_GIA01_308.wav,brushing,CAN01,valid,label from official CatMeows filename; cat_id from official CatMeows filename
data/raw/dataset/B_CAN01_EU_FN_GIA01_309.wav,brushing,CAN01,valid,label from official CatMeows filename; cat_id from official CatMeows filename
data/raw/dataset/B_CAN01_EU_FN_GIA01_310.wav,brushing,CAN01,valid,label from official CatMeows filename; cat_id from official CatMeows filename
data/raw/dataset/B_CAN01_EU_FN_GIA01_311.wav,brushing,CAN01,valid,label from official CatMeows filename; cat_id from official CatMeows filename
data/raw/dataset/B_DAK01_MC_FN_SIM01_102.wav,brushing,DAK01,valid,label from official CatMeows filename; cat_id from official CatMeows filename
data/raw/dataset/B_DAK01_MC_FN_SIM01_301.wav,brushing,DAK01,valid,label from official CatMeows filename; cat_id from official CatMeows filename
data/raw/dataset/B_DAK01_MC_FN_SIM01_302.wav,brushing,DAK01,valid,label from official CatMeows filename; cat_id from official CatMeows filename
data/raw/dataset/B_DAK01_MC_FN_SIM01_303.wav,brushing,DAK01,valid,label from official CatMeows filename; cat_id from official CatMeows filename
data/raw/dataset/B_IND01_EU_FN_ELI01_101.wav,brushing,IND01,valid,label from official CatMeows filename; cat_id from official CatMeows filename
data/raw/dataset/B_IND01_EU_FN_ELI01_102.wav,brushing,IND01,valid,label from official CatMeows filename; cat_id from official CatMeows filename
data/raw/dataset/B_IND01_EU_FN_ELI01_103.wav,brushing,IND01,valid,label from official CatMeows filename; cat_id from official CatMeows filename
data/raw/dataset/B_IND01_EU_FN_ELI01_201.wav,brushing,IND01,valid,label from official CatMeows filename; cat_id from official CatMeows filename
data/raw/dataset/B_IND01_EU_FN_ELI01_202.wav,brushing,IND01,valid,label from official CatMeows filename; cat_id from official CatMeows filename
data/raw/dataset/B_IND01_EU_FN_ELI01_203.wav,brushing,IND01,valid,label from official CatMeows filename; cat_id from official CatMeows filename
data/raw/dataset/B_IND01_EU_FN_ELI01_301.wav,brushing,IND01,valid,label from official CatMeows filename; cat_id from official CatMeows filename
data/raw/dataset/B_IND01_EU_FN_ELI01_302.wav,brushing,IND01,valid,label from official CatMeows filename; cat_id from official CatMeows filename
data/raw/dataset/B_IND01_EU_FN_ELI01_303.wav,brushing,IND01,valid,label from official CatMeows filename; cat_id from official CatMeows filename
data/raw/dataset/B_IND01_EU_FN_ELI01_304.wav,brushing,IND01,valid,label from official CatMeows filename; cat_id from official CatMeows filename
data/raw/dataset/B_IND01_EU_FN_ELI01_305.wav,brushing,IND01,valid,label from official CatMeows filename; cat_id from official CatMeows filename
data/raw/dataset/B_JJX01_MC_FN_SIM01_101.wav,brushing,JJX01,valid,label from official CatMeows filename; cat_id from official CatMeows filename
data/raw/dataset/B_JJX01_MC_FN_SIM01_102.wav,brushing,JJX01,valid,label from official CatMeows filename; cat_id from official CatMeows filename
data/raw/dataset/B_JJX01_MC_FN_SIM01_103.wav,brushing,JJX01,valid,label from official CatMeows filename; cat_id from official CatMeows filename
data/raw/dataset/B_JJX01_MC_FN_SIM01_201.wav,brushing,JJX01,valid,label from official CatMeows filename; cat_id from official CatMeows filename
data/raw/dataset/B_JJX01_MC_FN_SIM01_202.wav,brushing,JJX01,valid,label from official CatMeows filename; cat_id from official CatMeows filename
data/raw/dataset/B_JJX01_MC_FN_SIM01_301.wav,brushing,JJX01,valid,label from official CatMeows filename; cat_id from official CatMeows filename
data/raw/dataset/B_JJX01_MC_FN_SIM01_302.wav,brushing,JJX01,valid,label from official CatMeows filename; cat_id from official CatMeows filename
data/raw/dataset/B_MAG01_EU_FN_FED01_101.wav,brushing,MAG01,valid,label from official CatMeows filename; cat_id from official CatMeows filename
data/raw/dataset/B_MAG01_EU_FN_FED01_102.wav,brushing,MAG01,valid,label from official CatMeows filename; cat_id from official CatMeows filename
data/raw/dataset/B_MAG01_EU_FN_FED01_103.wav,brushing,MAG01,valid,label from official CatMeows filename; cat_id from official CatMeows filename
data/raw/dataset/B_MAG01_EU_FN_FED01_201.wav,brushing,MAG01,valid,label from official CatMeows filename; cat_id from official CatMeows filename
data/raw/dataset/B_MAG01_EU_FN_FED01_202.wav,brushing,MAG01,valid,label from official CatMeows filename; cat_id from official CatMeows filename
data/raw/dataset/B_MAG01_EU_FN_FED01_203.wav,brushing,MAG01,valid,label from official CatMeows filename; cat_id from official CatMeows filename
data/raw/dataset/B_MAG01_EU_FN_FED01_204.wav,brushing,MAG01,valid,label from official CatMeows filename; cat_id from official CatMeows filename
data/raw/dataset/B_MAG01_EU_FN_FED01_205.wav,brushing,MAG01,valid,label from official CatMeows filename; cat_id from official CatMeows filename
data/raw/dataset/B_MAG01_EU_FN_FED01_301.wav,brushing,MAG01,valid,label from official CatMeows filename; cat_id from official CatMeows filename
data/raw/dataset/B_MAG01_EU_FN_FED01_302.wav,brushing,MAG01,valid,label from official CatMeows filename; cat_id from official CatMeows filename
data/raw/dataset/B_MAT01_EU_FN_RIT01_101.wav,brushing,MAT01,valid,label from official CatMeows filename; cat_id from official CatMeows filename
data/raw/dataset/B_MAT01_EU_FN_RIT01_102.wav,brushing,MAT01,valid,label from official CatMeows filename; cat_id from official CatMeows filename
data/raw/dataset/B_MAT01_EU_FN_RIT01_201.wav,brushing,MAT01,valid,label from official CatMeows filename; cat_id from official CatMeows filename
data/raw/dataset/B_MAT01_EU_FN_RIT01_202.wav,brushing,MAT01,valid,label from official CatMeows filename; cat_id from official CatMeows filename
data/raw/dataset/B_MAT01_EU_FN_RIT01_203.wav,brushing,MAT01,valid,label from official CatMeows filename; cat_id from official CatMeows filename
data/raw/dataset/B_MAT01_EU_FN_RIT01_204.wav,brushing,MAT01,valid,label from official CatMeows filename; cat_id from official CatMeows filename
data/raw/dataset/B_MAT01_EU_FN_RIT01_205.wav,brushing,MAT01,valid,label from official CatMeows filename; cat_id from official CatMeows filename
data/raw/dataset/B_MAT01_EU_FN_RIT01_206.wav,brushing,MAT01,valid,label from official CatMeows filename; cat_id from official CatMeows filename
data/raw/dataset/B_MAT01_EU_FN_RIT01_207.wav,brushing,MAT01,valid,label from official CatMeows filename; cat_id from official CatMeows filename
data/raw/dataset/B_MAT01_EU_FN_RIT01_301.wav,brushing,MAT01,valid,label from official CatMeows filename; cat_id from official CatMeows filename
data/raw/dataset/B_MIN01_EU_FN_BEN01_101.wav,brushing,MIN01,valid,label from official CatMeows filename; cat_id from official CatMeows filename
data/raw/dataset/B_MIN01_EU_FN_BEN01_102.wav,brushing,MIN01,valid,label from official CatMeows filename; cat_id from official CatMeows filename
data/raw/dataset/B_MIN01_EU_FN_BEN01_103.wav,brushing,MIN01,valid,label from official CatMeows filename; cat_id from official CatMeows filename
data/raw/dataset/B_MIN01_EU_FN_BEN01_104.wav,brushing,MIN01,valid,label from official CatMeows filename; cat_id from official CatMeows filename
data/raw/dataset/B_NIG01_MC_MN_SIM01_101.wav,brushing,NIG01,valid,label from official CatMeows filename; cat_id from official CatMeows filename
data/raw/dataset/B_NIG01_MC_MN_SIM01_102.wav,brushing,NIG01,valid,label from official CatMeows filename; cat_id from official CatMeows filename
data/raw/dataset/B_NIG01_MC_MN_SIM01_103.wav,brushing,NIG01,valid,label from official CatMeows filename; cat_id from official CatMeows filename
data/raw/dataset/B_NIG01_MC_MN_SIM01_201.wav,brushing,NIG01,valid,label from official CatMeows filename; cat_id from official CatMeows filename
data/raw/dataset/B_NUL01_MC_MI_SIM01_102.wav,brushing,NUL01,valid,label from official CatMeows filename; cat_id from official CatMeows filename
data/raw/dataset/B_NUL01_MC_MI_SIM01_201.wav,brushing,NUL01,valid,label from official CatMeows filename; cat_id from official CatMeows filename
data/raw/dataset/B_NUL01_MC_MI_SIM01_301.wav,brushing,NUL01,valid,label from official CatMeows filename; cat_id from official CatMeows filename
data/raw/dataset/B_NUL01_MC_MI_SIM01_302.wav,brushing,NUL01,valid,label from official CatMeows filename; cat_id from official CatMeows filename
data/raw/dataset/B_REG01_EU_FN_GIO01_101.wav,brushing,REG01,valid,label from official CatMeows filename; cat_id from official CatMeows filename
data/raw/dataset/B_REG01_EU_FN_GIO01_102.wav,brushing,REG01,valid,label from official CatMeows filename; cat_id from official CatMeows filename
data/raw/dataset/B_REG01_EU_FN_GIO01_201.wav,brushing,REG01,valid,label from official CatMeows filename; cat_id from official CatMeows filename
data/raw/dataset/B_SPI01_EU_MN_NAI01_101.wav,brushing,SPI01,valid,label from official CatMeows filename; cat_id from official CatMeows filename
data/raw/dataset/B_SPI01_EU_MN_NAI01_102.wav,brushing,SPI01,valid,label from official CatMeows filename; cat_id from official CatMeows filename
data/raw/dataset/B_SPI01_EU_MN_NAI01_103.wav,brushing,SPI01,valid,label from official CatMeows filename; cat_id from official CatMeows filename
data/raw/dataset/B_SPI01_EU_MN_NAI01_301.wav,brushing,SPI01,valid,label from official CatMeows filename; cat_id from official CatMeows filename
data/raw/dataset/B_TIG01_EU_FN_GIU01_201.wav,brushing,TIG01,valid,label from official CatMeows filename; cat_id from official CatMeows filename
data/raw/dataset/B_TIG01_EU_FN_GIU01_301.wav,brushing,TIG01,valid,label from official CatMeows filename; cat_id from official CatMeows filename
data/raw/dataset/B_WHO01_MC_FI_SIM01_101.wav,brushing,WHO01,valid,label from official CatMeows filename; cat_id from official CatMeows filename
data/raw/dataset/B_WHO01_MC_FI_SIM01_102.wav,brushing,WHO01,valid,label from official CatMeows filename; cat_id from official CatMeows filename
data/raw/dataset/B_WHO01_MC_FI_SIM01_103.wav,brushing,WHO01,valid,label from official CatMeows filename; cat_id from official CatMeows filename
data/raw/dataset/B_WHO01_MC_FI_SIM01_104.wav,brushing,WHO01,valid,label from official CatMeows filename; cat_id from official CatMeows filename
data/raw/dataset/B_WHO01_MC_FI_SIM01_201.wav,brushing,WHO01,valid,label from official CatMeows filename; cat_id from official CatMeows filename
data/raw/dataset/B_WHO01_MC_FI_SIM01_202.wav,brushing,WHO01,valid,label from official CatMeows filename; cat_id from official CatMeows filename
data/raw/dataset/B_WHO01_MC_FI_SIM01_203.wav,brushing,WHO01,valid,label from official CatMeows filename; cat_id from official CatMeows filename
data/raw/dataset/B_WHO01_MC_FI_SIM01_204.wav,brushing,WHO01,valid,label from official CatMeows filename; cat_id from official CatMeows filename
data/raw/dataset/B_WHO01_MC_FI_SIM01_301.wav,brushing,WHO01,valid,label from official CatMeows filename; cat_id from official CatMeows filename
data/raw/dataset/B_WHO01_MC_FI_SIM01_302.wav,brushing,WHO01,valid,label from official CatMeows filename; cat_id from official CatMeows filename
data/raw/dataset/B_WHO01_MC_FI_SIM01_304.wav,brushing,WHO01,valid,label from official CatMeows filename; cat_id from official CatMeows filename
data/raw/dataset/B_WHO01_MC_FI_SIM01_305.wav,brushing,WHO01,valid,label from official CatMeows filename; cat_id from official CatMeows filename
data/raw/dataset/F_BAC01_MC_MN_SIM01_101.wav,waiting_for_food,BAC01,valid,label from official CatMeows filename; cat_id from official CatMeows filename
data/raw/dataset/F_BAC01_MC_MN_SIM01_102.wav,waiting_for_food,BAC01,valid,label from official CatMeows filename; cat_id from official CatMeows filename
data/raw/dataset/F_BAC01_MC_MN_SIM01_103.wav,waiting_for_food,BAC01,valid,label from official CatMeows filename; cat_id from official CatMeows filename
data/raw/dataset/F_BAC01_MC_MN_SIM01_104.wav,waiting_for_food,BAC01,valid,label from official CatMeows filename; cat_id from official CatMeows filename
data/raw/dataset/F_BAC01_MC_MN_SIM01_105.wav,waiting_for_food,BAC01,valid,label from official CatMeows filename; cat_id from official CatMeows filename
data/raw/dataset/F_BAC01_MC_MN_SIM01_201.wav,waiting_for_food,BAC01,valid,label from official CatMeows filename; cat_id from official CatMeows filename
data/raw/dataset/F_BAC01_MC_MN_SIM01_202.wav,waiting_for_food,BAC01,valid,label from official CatMeows filename; cat_id from official CatMeows filename
data/raw/dataset/F_BAC01_MC_MN_SIM01_203.wav,waiting_for_food,BAC01,valid,label from official CatMeows filename; cat_id from official CatMeows filename
data/raw/dataset/F_BAC01_MC_MN_SIM01_301.wav,waiting_for_food,BAC01,valid,label from official CatMeows filename; cat_id from official CatMeows filename
data/raw/dataset/F_BAC01_MC_MN_SIM01_302.wav,waiting_for_food,BAC01,valid,label from official CatMeows filename; cat_id from official CatMeows filename
data/raw/dataset/F_BAC01_MC_MN_SIM01_303.wav,waiting_for_food,BAC01,valid,label from official CatMeows filename; cat_id from official CatMeows filename
data/raw/dataset/F_BAC01_MC_MN_SIM01_304.wav,waiting_for_food,BAC01,valid,label from official CatMeows filename; cat_id from official CatMeows filename
data/raw/dataset/F_BLE01_EU_FN_DEL01_101.wav,waiting_for_food,BLE01,valid,label from official CatMeows filename; cat_id from official CatMeows filename
data/raw/dataset/F_BLE01_EU_FN_DEL01_102.wav,waiting_for_food,BLE01,valid,label from official CatMeows filename; cat_id from official CatMeows filename
data/raw/dataset/F_BLE01_EU_FN_DEL01_103.wav,waiting_for_food,BLE01,valid,label from official CatMeows filename; cat_id from official CatMeows filename
data/raw/dataset/F_BRA01_MC_MN_SIM01_301.wav,waiting_for_food,BRA01,valid,label from official CatMeows filename; cat_id from official CatMeows filename
data/raw/dataset/F_BRA01_MC_MN_SIM01_302.wav,waiting_for_food,BRA01,valid,label from official CatMeows filename; cat_id from official CatMeows filename
data/raw/dataset/F_BRI01_MC_FI_SIM01_101.wav,waiting_for_food,BRI01,valid,label from official CatMeows filename; cat_id from official CatMeows filename
data/raw/dataset/F_BRI01_MC_FI_SIM01_102.wav,waiting_for_food,BRI01,valid,label from official CatMeows filename; cat_id from official CatMeows filename
data/raw/dataset/F_BRI01_MC_FI_SIM01_103.wav,waiting_for_food,BRI01,valid,label from official CatMeows filename; cat_id from official CatMeows filename
data/raw/dataset/F_BRI01_MC_FI_SIM01_104.wav,waiting_for_food,BRI01,valid,label from official CatMeows filename; cat_id from official CatMeows filename
data/raw/dataset/F_BRI01_MC_FI_SIM01_105.wav,waiting_for_food,BRI01,valid,label from official CatMeows filename; cat_id from official CatMeows filename
data/raw/dataset/F_BRI01_MC_FI_SIM01_106.wav,waiting_for_food,BRI01,valid,label from official CatMeows filename; cat_id from official CatMeows filename
data/raw/dataset/F_BRI01_MC_FI_SIM01_201.wav,waiting_for_food,BRI01,valid,label from official CatMeows filename; cat_id from official CatMeows filename
data/raw/dataset/F_BRI01_MC_FI_SIM01_202.wav,waiting_for_food,BRI01,valid,label from official CatMeows filename; cat_id from official CatMeows filename
data/raw/dataset/F_CAN01_EU_FN_GIA01_201.wav,waiting_for_food,CAN01,valid,label from official CatMeows filename; cat_id from official CatMeows filename
data/raw/dataset/F_CAN01_EU_FN_GIA01_202.wav,waiting_for_food,CAN01,valid,label from official CatMeows filename; cat_id from official CatMeows filename
data/raw/dataset/F_DAK01_MC_FN_SIM01_301.wav,waiting_for_food,DAK01,valid,label from official CatMeows filename; cat_id from official CatMeows filename
data/raw/dataset/F_DAK01_MC_FN_SIM01_302.wav,waiting_for_food,DAK01,valid,label from official CatMeows filename; cat_id from official CatMeows filename
data/raw/dataset/F_DAK01_MC_FN_SIM01_303.wav,waiting_for_food,DAK01,valid,label from official CatMeows filename; cat_id from official CatMeows filename
data/raw/dataset/F_DAK01_MC_FN_SIM01_304.wav,waiting_for_food,DAK01,valid,label from official CatMeows filename; cat_id from official CatMeows filename
data/raw/dataset/F_IND01_EU_FN_ELI01_101.wav,waiting_for_food,IND01,valid,label from official CatMeows filename; cat_id from official CatMeows filename
data/raw/dataset/F_IND01_EU_FN_ELI01_102.wav,waiting_for_food,IND01,valid,label from official CatMeows filename; cat_id from official CatMeows filename
data/raw/dataset/F_IND01_EU_FN_ELI01_103.wav,waiting_for_food,IND01,valid,label from official CatMeows filename; cat_id from official CatMeows filename
data/raw/dataset/F_IND01_EU_FN_ELI01_104.wav,waiting_for_food,IND01,valid,label from official CatMeows filename; cat_id from official CatMeows filename
data/raw/dataset/F_IND01_EU_FN_ELI01_201.wav,waiting_for_food,IND01,valid,label from official CatMeows filename; cat_id from official CatMeows filename
data/raw/dataset/F_IND01_EU_FN_ELI01_202.wav,waiting_for_food,IND01,valid,label from official CatMeows filename; cat_id from official CatMeows filename
data/raw/dataset/F_IND01_EU_FN_ELI01_203.wav,waiting_for_food,IND01,valid,label from official CatMeows filename; cat_id from official CatMeows filename
data/raw/dataset/F_IND01_EU_FN_ELI01_301.wav,waiting_for_food,IND01,valid,label from official CatMeows filename; cat_id from official CatMeows filename
data/raw/dataset/F_IND01_EU_FN_ELI01_302.wav,waiting_for_food,IND01,valid,label from official CatMeows filename; cat_id from official CatMeows filename
data/raw/dataset/F_IND01_EU_FN_ELI01_304.wav,waiting_for_food,IND01,valid,label from official CatMeows filename; cat_id from official CatMeows filename
data/raw/dataset/F_LEO01_EU_MI_RIT01_101.wav,waiting_for_food,LEO01,valid,label from official CatMeows filename; cat_id from official CatMeows filename
data/raw/dataset/F_LEO01_EU_MI_RIT01_102.wav,waiting_for_food,LEO01,valid,label from official CatMeows filename; cat_id from official CatMeows filename
data/raw/dataset/F_LEO01_EU_MI_RIT01_103.wav,waiting_for_food,LEO01,valid,label from official CatMeows filename; cat_id from official CatMeows filename
data/raw/dataset/F_LEO01_EU_MI_RIT01_104.wav,waiting_for_food,LEO01,valid,label from official CatMeows filename; cat_id from official CatMeows filename
data/raw/dataset/F_LEO01_EU_MI_RIT01_105.wav,waiting_for_food,LEO01,valid,label from official CatMeows filename; cat_id from official CatMeows filename
data/raw/dataset/F_MAG01_EU_FN_FED01_101.wav,waiting_for_food,MAG01,valid,label from official CatMeows filename; cat_id from official CatMeows filename
data/raw/dataset/F_MAG01_EU_FN_FED01_102.wav,waiting_for_food,MAG01,valid,label from official CatMeows filename; cat_id from official CatMeows filename
data/raw/dataset/F_MAG01_EU_FN_FED01_103.wav,waiting_for_food,MAG01,valid,label from official CatMeows filename; cat_id from official CatMeows filename
data/raw/dataset/F_MAG01_EU_FN_FED01_104.wav,waiting_for_food,MAG01,valid,label from official CatMeows filename; cat_id from official CatMeows filename
data/raw/dataset/F_MAG01_EU_FN_FED01_105.wav,waiting_for_food,MAG01,valid,label from official CatMeows filename; cat_id from official CatMeows filename
data/raw/dataset/F_MAG01_EU_FN_FED01_106.wav,waiting_for_food,MAG01,valid,label from official CatMeows filename; cat_id from official CatMeows filename
data/raw/dataset/F_MAG01_EU_FN_FED01_201.wav,waiting_for_food,MAG01,valid,label from official CatMeows filename; cat_id from official CatMeows filename
data/raw/dataset/F_MAG01_EU_FN_FED01_202.wav,waiting_for_food,MAG01,valid,label from official CatMeows filename; cat_id from official CatMeows filename
data/raw/dataset/F_MAG01_EU_FN_FED01_203.wav,waiting_for_food,MAG01,valid,label from official CatMeows filename; cat_id from official CatMeows filename
data/raw/dataset/F_MAG01_EU_FN_FED01_301.wav,waiting_for_food,MAG01,valid,label from official CatMeows filename; cat_id from official CatMeows filename
data/raw/dataset/F_MAG01_EU_FN_FED01_302.wav,waiting_for_food,MAG01,valid,label from official CatMeows filename; cat_id from official CatMeows filename
data/raw/dataset/F_MAG01_EU_FN_FED01_303.wav,waiting_for_food,MAG01,valid,label from official CatMeows filename; cat_id from official CatMeows filename
data/raw/dataset/F_MAG01_EU_FN_FED01_304.wav,waiting_for_food,MAG01,valid,label from official CatMeows filename; cat_id from official CatMeows filename
data/raw/dataset/F_MAG01_EU_FN_FED01_305.wav,waiting_for_food,MAG01,valid,label from official CatMeows filename; cat_id from official CatMeows filename
data/raw/dataset/F_MAT01_EU_FN_RIT01_101.wav,waiting_for_food,MAT01,valid,label from official CatMeows filename; cat_id from official CatMeows filename
data/raw/dataset/F_MAT01_EU_FN_RIT01_102.wav,waiting_for_food,MAT01,valid,label from official CatMeows filename; cat_id from official CatMeows filename
data/raw/dataset/F_MAT01_EU_FN_RIT01_103.wav,waiting_for_food,MAT01,valid,label from official CatMeows filename; cat_id from official CatMeows filename
data/raw/dataset/F_MAT01_EU_FN_RIT01_301.wav,waiting_for_food,MAT01,valid,label from official CatMeows filename; cat_id from official CatMeows filename
data/raw/dataset/F_MAT01_EU_FN_RIT01_302.wav,waiting_for_food,MAT01,valid,label from official CatMeows filename; cat_id from official CatMeows filename
data/raw/dataset/F_MAT01_EU_FN_RIT01_303.wav,waiting_for_food,MAT01,valid,label from official CatMeows filename; cat_id from official CatMeows filename
data/raw/dataset/F_MEG01_MC_FI_SIM01_301.wav,waiting_for_food,MEG01,valid,label from official CatMeows filename; cat_id from official CatMeows filename
data/raw/dataset/F_MEG01_MC_FI_SIM01_302.wav,waiting_for_food,MEG01,valid,label from official CatMeows filename; cat_id from official CatMeows filename
data/raw/dataset/F_MEG01_MC_FI_SIM01_303.wav,waiting_for_food,MEG01,valid,label from official CatMeows filename; cat_id from official CatMeows filename
data/raw/dataset/F_MEG01_MC_FI_SIM01_304.wav,waiting_for_food,MEG01,valid,label from official CatMeows filename; cat_id from official CatMeows filename
data/raw/dataset/F_MIN01_EU_FN_BEN01_101.wav,waiting_for_food,MIN01,valid,label from official CatMeows filename; cat_id from official CatMeows filename
data/raw/dataset/F_MIN01_EU_FN_BEN01_102.wav,waiting_for_food,MIN01,valid,label from official CatMeows filename; cat_id from official CatMeows filename
data/raw/dataset/F_MIN01_EU_FN_BEN01_103.wav,waiting_for_food,MIN01,valid,label from official CatMeows filename; cat_id from official CatMeows filename
data/raw/dataset/F_MIN01_EU_FN_BEN01_104.wav,waiting_for_food,MIN01,valid,label from official CatMeows filename; cat_id from official CatMeows filename
data/raw/dataset/F_REG01_EU_FN_GIO01_201.wav,waiting_for_food,REG01,valid,label from official CatMeows filename; cat_id from official CatMeows filename
data/raw/dataset/F_SPI01_EU_MN_NAI01_101.wav,waiting_for_food,SPI01,valid,label from official CatMeows filename; cat_id from official CatMeows filename
data/raw/dataset/F_SPI01_EU_MN_NAI01_102.wav,waiting_for_food,SPI01,valid,label from official CatMeows filename; cat_id from official CatMeows filename
data/raw/dataset/F_SPI01_EU_MN_NAI01_103.wav,waiting_for_food,SPI01,valid,label from official CatMeows filename; cat_id from official CatMeows filename
data/raw/dataset/F_SPI01_EU_MN_NAI01_104.wav,waiting_for_food,SPI01,valid,label from official CatMeows filename; cat_id from official CatMeows filename
data/raw/dataset/F_SPI01_EU_MN_NAI01_201.wav,waiting_for_food,SPI01,valid,label from official CatMeows filename; cat_id from official CatMeows filename
data/raw/dataset/F_SPI01_EU_MN_NAI01_202.wav,waiting_for_food,SPI01,valid,label from official CatMeows filename; cat_id from official CatMeows filename
data/raw/dataset/F_SPI01_EU_MN_NAI01_203.wav,waiting_for_food,SPI01,valid,label from official CatMeows filename; cat_id from official CatMeows filename
data/raw/dataset/F_SPI01_EU_MN_NAI01_301.wav,waiting_for_food,SPI01,valid,label from official CatMeows filename; cat_id from official CatMeows filename
data/raw/dataset/F_WHO01_MC_FI_SIM01_101.wav,waiting_for_food,WHO01,valid,label from official CatMeows filename; cat_id from official CatMeows filename
data/raw/dataset/F_WHO01_MC_FI_SIM01_102.wav,waiting_for_food,WHO01,valid,label from official CatMeows filename; cat_id from official CatMeows filename
data/raw/dataset/F_WHO01_MC_FI_SIM01_103.wav,waiting_for_food,WHO01,valid,label from official CatMeows filename; cat_id from official CatMeows filename
data/raw/dataset/F_WHO01_MC_FI_SIM01_301.wav,waiting_for_food,WHO01,valid,label from official CatMeows filename; cat_id from official CatMeows filename
data/raw/dataset/F_WHO01_MC_FI_SIM01_302.wav,waiting_for_food,WHO01,valid,label from official CatMeows filename; cat_id from official CatMeows filename
data/raw/dataset/F_WHO01_MC_FI_SIM01_303.wav,waiting_for_food,WHO01,valid,label from official CatMeows filename; cat_id from official CatMeows filename
data/raw/dataset/F_WHO01_MC_FI_SIM01_304.wav,waiting_for_food,WHO01,valid,label from official CatMeows filename; cat_id from official CatMeows filename
data/raw/dataset/F_WHO01_MC_FI_SIM01_306.wav,waiting_for_food,WHO01,valid,label from official CatMeows filename; cat_id from official CatMeows filename
data/raw/dataset/F_WHO01_MC_FI_SIM01_307.wav,waiting_for_food,WHO01,valid,label from official CatMeows filename; cat_id from official CatMeows filename
data/raw/dataset/I_ANI01_MC_FN_SIM01_101.wav,isolation,ANI01,valid,label from official CatMeows filename; cat_id from official CatMeows filename
data/raw/dataset/I_ANI01_MC_FN_SIM01_102.wav,isolation,ANI01,valid,label from official CatMeows filename; cat_id from official CatMeows filename
data/raw/dataset/I_ANI01_MC_FN_SIM01_103.wav,isolation,ANI01,valid,label from official CatMeows filename; cat_id from official CatMeows filename
data/raw/dataset/I_ANI01_MC_FN_SIM01_104.wav,isolation,ANI01,valid,label from official CatMeows filename; cat_id from official CatMeows filename
data/raw/dataset/I_BAC01_MC_MN_SIM01_101.wav,isolation,BAC01,valid,label from official CatMeows filename; cat_id from official CatMeows filename
data/raw/dataset/I_BAC01_MC_MN_SIM01_102.wav,isolation,BAC01,valid,label from official CatMeows filename; cat_id from official CatMeows filename
data/raw/dataset/I_BAC01_MC_MN_SIM01_103.wav,isolation,BAC01,valid,label from official CatMeows filename; cat_id from official CatMeows filename
data/raw/dataset/I_BAC01_MC_MN_SIM01_301.wav,isolation,BAC01,valid,label from official CatMeows filename; cat_id from official CatMeows filename
data/raw/dataset/I_BAC01_MC_MN_SIM01_302.wav,isolation,BAC01,valid,label from official CatMeows filename; cat_id from official CatMeows filename
data/raw/dataset/I_BAC01_MC_MN_SIM01_303.wav,isolation,BAC01,valid,label from official CatMeows filename; cat_id from official CatMeows filename
data/raw/dataset/I_BAC01_MC_MN_SIM10_102.wav,isolation,BAC01,valid,label from official CatMeows filename; cat_id from official CatMeows filename
data/raw/dataset/I_BLE01_EU_FN_DEL01_101.wav,isolation,BLE01,valid,label from official CatMeows filename; cat_id from official CatMeows filename
data/raw/dataset/I_BLE01_EU_FN_DEL01_102.wav,isolation,BLE01,valid,label from official CatMeows filename; cat_id from official CatMeows filename
data/raw/dataset/I_BLE01_EU_FN_DEL01_103.wav,isolation,BLE01,valid,label from official CatMeows filename; cat_id from official CatMeows filename
data/raw/dataset/I_BLE01_EU_FN_DEL01_104.wav,isolation,BLE01,valid,label from official CatMeows filename; cat_id from official CatMeows filename
data/raw/dataset/I_BLE01_EU_FN_DEL01_105.wav,isolation,BLE01,valid,label from official CatMeows filename; cat_id from official CatMeows filename
data/raw/dataset/I_BLE01_EU_FN_DEL01_106.wav,isolation,BLE01,valid,label from official CatMeows filename; cat_id from official CatMeows filename
data/raw/dataset/I_BLE01_EU_FN_DEL01_107.wav,isolation,BLE01,valid,label from official CatMeows filename; cat_id from official CatMeows filename
data/raw/dataset/I_BLE01_EU_FN_DEL01_108.wav,isolation,BLE01,valid,label from official CatMeows filename; cat_id from official CatMeows filename
data/raw/dataset/I_BLE01_EU_FN_DEL01_109.wav,isolation,BLE01,valid,label from official CatMeows filename; cat_id from official CatMeows filename
data/raw/dataset/I_BLE01_EU_FN_DEL01_110.wav,isolation,BLE01,valid,label from official CatMeows filename; cat_id from official CatMeows filename
data/raw/dataset/I_BLE01_EU_FN_DEL01_201.wav,isolation,BLE01,valid,label from official CatMeows filename; cat_id from official CatMeows filename
data/raw/dataset/I_BLE01_EU_FN_DEL01_202.wav,isolation,BLE01,valid,label from official CatMeows filename; cat_id from official CatMeows filename
data/raw/dataset/I_BLE01_EU_FN_DEL01_203.wav,isolation,BLE01,valid,label from official CatMeows filename; cat_id from official CatMeows filename
data/raw/dataset/I_BLE01_EU_FN_DEL01_204.wav,isolation,BLE01,valid,label from official CatMeows filename; cat_id from official CatMeows filename
data/raw/dataset/I_BLE01_EU_FN_DEL01_205.wav,isolation,BLE01,valid,label from official CatMeows filename; cat_id from official CatMeows filename
data/raw/dataset/I_BLE01_EU_FN_DEL01_206.wav,isolation,BLE01,valid,label from official CatMeows filename; cat_id from official CatMeows filename
data/raw/dataset/I_BLE01_EU_FN_DEL01_207.wav,isolation,BLE01,valid,label from official CatMeows filename; cat_id from official CatMeows filename
data/raw/dataset/I_BLE01_EU_FN_DEL01_208.wav,isolation,BLE01,valid,label from official CatMeows filename; cat_id from official CatMeows filename
data/raw/dataset/I_BLE01_EU_FN_DEL01_209.wav,isolation,BLE01,valid,label from official CatMeows filename; cat_id from official CatMeows filename
data/raw/dataset/I_BLE01_EU_FN_DEL01_210.wav,isolation,BLE01,valid,label from official CatMeows filename; cat_id from official CatMeows filename
data/raw/dataset/I_BLE01_EU_FN_DEL01_211.wav,isolation,BLE01,valid,label from official CatMeows filename; cat_id from official CatMeows filename
data/raw/dataset/I_BLE01_EU_FN_DEL01_212.wav,isolation,BLE01,valid,label from official CatMeows filename; cat_id from official CatMeows filename
data/raw/dataset/I_BLE01_EU_FN_DEL01_213.wav,isolation,BLE01,valid,label from official CatMeows filename; cat_id from official CatMeows filename
data/raw/dataset/I_BLE01_EU_FN_DEL01_214.wav,isolation,BLE01,valid,label from official CatMeows filename; cat_id from official CatMeows filename
data/raw/dataset/I_BLE01_EU_FN_DEL01_215.wav,isolation,BLE01,valid,label from official CatMeows filename; cat_id from official CatMeows filename
data/raw/dataset/I_BLE01_EU_FN_DEL01_216.wav,isolation,BLE01,valid,label from official CatMeows filename; cat_id from official CatMeows filename
data/raw/dataset/I_BLE01_EU_FN_DEL01_217.wav,isolation,BLE01,valid,label from official CatMeows filename; cat_id from official CatMeows filename
data/raw/dataset/I_BLE01_EU_FN_DEL01_218.wav,isolation,BLE01,valid,label from official CatMeows filename; cat_id from official CatMeows filename
data/raw/dataset/I_BLE01_EU_FN_DEL01_219.wav,isolation,BLE01,valid,label from official CatMeows filename; cat_id from official CatMeows filename
data/raw/dataset/I_BLE01_EU_FN_DEL01_301.wav,isolation,BLE01,valid,label from official CatMeows filename; cat_id from official CatMeows filename
data/raw/dataset/I_BLE01_EU_FN_DEL01_302.wav,isolation,BLE01,valid,label from official CatMeows filename; cat_id from official CatMeows filename
data/raw/dataset/I_BLE01_EU_FN_DEL01_303.wav,isolation,BLE01,valid,label from official CatMeows filename; cat_id from official CatMeows filename
data/raw/dataset/I_BLE01_EU_FN_DEL01_304.wav,isolation,BLE01,valid,label from official CatMeows filename; cat_id from official CatMeows filename
data/raw/dataset/I_BLE01_EU_FN_DEL01_305.wav,isolation,BLE01,valid,label from official CatMeows filename; cat_id from official CatMeows filename
data/raw/dataset/I_BLE01_EU_FN_DEL01_306.wav,isolation,BLE01,valid,label from official CatMeows filename; cat_id from official CatMeows filename
data/raw/dataset/I_BLE01_EU_FN_DEL01_307.wav,isolation,BLE01,valid,label from official CatMeows filename; cat_id from official CatMeows filename
data/raw/dataset/I_BLE01_EU_FN_DEL01_308.wav,isolation,BLE01,valid,label from official CatMeows filename; cat_id from official CatMeows filename
data/raw/dataset/I_BLE01_EU_FN_DEL01_309.wav,isolation,BLE01,valid,label from official CatMeows filename; cat_id from official CatMeows filename
data/raw/dataset/I_BLE01_EU_FN_DEL01_310.wav,isolation,BLE01,valid,label from official CatMeows filename; cat_id from official CatMeows filename
data/raw/dataset/I_BLE01_EU_FN_DEL01_311.wav,isolation,BLE01,valid,label from official CatMeows filename; cat_id from official CatMeows filename
data/raw/dataset/I_BLE01_EU_FN_DEL01_401.wav,isolation,BLE01,valid,label from filename or folder alias; cat_id inferred from second filename field
data/raw/dataset/I_BLE01_EU_FN_DEL01_402.wav,isolation,BLE01,valid,label from filename or folder alias; cat_id inferred from second filename field
data/raw/dataset/I_BLE01_EU_FN_DEL01_403.wav,isolation,BLE01,valid,label from filename or folder alias; cat_id inferred from second filename field
data/raw/dataset/I_BLE01_EU_FN_DEL01_404.wav,isolation,BLE01,valid,label from filename or folder alias; cat_id inferred from second filename field
data/raw/dataset/I_BLE01_EU_FN_DEL01_405.wav,isolation,BLE01,valid,label from filename or folder alias; cat_id inferred from second filename field
data/raw/dataset/I_BRA01_MC_MN_SIM01_101.wav,isolation,BRA01,valid,label from official CatMeows filename; cat_id from official CatMeows filename
data/raw/dataset/I_BRA01_MC_MN_SIM01_102.wav,isolation,BRA01,valid,label from official CatMeows filename; cat_id from official CatMeows filename
data/raw/dataset/I_BRA01_MC_MN_SIM01_103.wav,isolation,BRA01,valid,label from official CatMeows filename; cat_id from official CatMeows filename
data/raw/dataset/I_BRA01_MC_MN_SIM01_104.wav,isolation,BRA01,valid,label from official CatMeows filename; cat_id from official CatMeows filename
data/raw/dataset/I_BRA01_MC_MN_SIM01_301.wav,isolation,BRA01,valid,label from official CatMeows filename; cat_id from official CatMeows filename
data/raw/dataset/I_BRA01_MC_MN_SIM01_302.wav,isolation,BRA01,valid,label from official CatMeows filename; cat_id from official CatMeows filename
data/raw/dataset/I_BRA01_MC_MN_SIM01_303.wav,isolation,BRA01,valid,label from official CatMeows filename; cat_id from official CatMeows filename
data/raw/dataset/I_BRA01_MC_MN_SIM01_304.wav,isolation,BRA01,valid,label from official CatMeows filename; cat_id from official CatMeows filename
data/raw/dataset/I_BRA01_MC_MN_SIM01_305.wav,isolation,BRA01,valid,label from official CatMeows filename; cat_id from official CatMeows filename
data/raw/dataset/I_BRA01_MC_MN_SIM01_306.wav,isolation,BRA01,valid,label from official CatMeows filename; cat_id from official CatMeows filename
data/raw/dataset/I_CAN01_EU_FN_GIA01_101.wav,isolation,CAN01,valid,label from official CatMeows filename; cat_id from official CatMeows filename
data/raw/dataset/I_CAN01_EU_FN_GIA01_102.wav,isolation,CAN01,valid,label from official CatMeows filename; cat_id from official CatMeows filename
data/raw/dataset/I_CAN01_EU_FN_GIA01_103.wav,isolation,CAN01,valid,label from official CatMeows filename; cat_id from official CatMeows filename
data/raw/dataset/I_CAN01_EU_FN_GIA01_104.wav,isolation,CAN01,valid,label from official CatMeows filename; cat_id from official CatMeows filename
data/raw/dataset/I_CAN01_EU_FN_GIA01_105.wav,isolation,CAN01,valid,label from official CatMeows filename; cat_id from official CatMeows filename
data/raw/dataset/I_CAN01_EU_FN_GIA01_106.wav,isolation,CAN01,valid,label from official CatMeows filename; cat_id from official CatMeows filename
data/raw/dataset/I_CAN01_EU_FN_GIA01_107.wav,isolation,CAN01,valid,label from official CatMeows filename; cat_id from official CatMeows filename
data/raw/dataset/I_CAN01_EU_FN_GIA01_201.wav,isolation,CAN01,valid,label from official CatMeows filename; cat_id from official CatMeows filename
data/raw/dataset/I_CAN01_EU_FN_GIA01_202.wav,isolation,CAN01,valid,label from official CatMeows filename; cat_id from official CatMeows filename
data/raw/dataset/I_CAN01_EU_FN_GIA01_203.wav,isolation,CAN01,valid,label from official CatMeows filename; cat_id from official CatMeows filename
data/raw/dataset/I_CAN01_EU_FN_GIA01_204.wav,isolation,CAN01,valid,label from official CatMeows filename; cat_id from official CatMeows filename
data/raw/dataset/I_CAN01_EU_FN_GIA01_205.wav,isolation,CAN01,valid,label from official CatMeows filename; cat_id from official CatMeows filename
data/raw/dataset/I_CAN01_EU_FN_GIA01_206.wav,isolation,CAN01,valid,label from official CatMeows filename; cat_id from official CatMeows filename
data/raw/dataset/I_CAN01_EU_FN_GIA01_207.wav,isolation,CAN01,valid,label from official CatMeows filename; cat_id from official CatMeows filename
data/raw/dataset/I_CAN01_EU_FN_GIA01_208.wav,isolation,CAN01,valid,label from official CatMeows filename; cat_id from official CatMeows filename
data/raw/dataset/I_CAN01_EU_FN_GIA01_209.wav,isolation,CAN01,valid,label from official CatMeows filename; cat_id from official CatMeows filename
data/raw/dataset/I_CAN01_EU_FN_GIA01_210.wav,isolation,CAN01,valid,label from official CatMeows filename; cat_id from official CatMeows filename
data/raw/dataset/I_CAN01_EU_FN_GIA01_211.wav,isolation,CAN01,valid,label from official CatMeows filename; cat_id from official CatMeows filename
data/raw/dataset/I_CAN01_EU_FN_GIA01_212.wav,isolation,CAN01,valid,label from official CatMeows filename; cat_id from official CatMeows filename
data/raw/dataset/I_CAN01_EU_FN_GIA01_301.wav,isolation,CAN01,valid,label from official CatMeows filename; cat_id from official CatMeows filename
data/raw/dataset/I_CAN01_EU_FN_GIA01_302.wav,isolation,CAN01,valid,label from official CatMeows filename; cat_id from official CatMeows filename
data/raw/dataset/I_CAN01_EU_FN_GIA01_303.wav,isolation,CAN01,valid,label from official CatMeows filename; cat_id from official CatMeows filename
data/raw/dataset/I_CAN01_EU_FN_GIA01_304.wav,isolation,CAN01,valid,label from official CatMeows filename; cat_id from official CatMeows filename
data/raw/dataset/I_CAN01_EU_FN_GIA01_305.wav,isolation,CAN01,valid,label from official CatMeows filename; cat_id from official CatMeows filename
data/raw/dataset/I_CAN01_EU_FN_GIA01_306.wav,isolation,CAN01,valid,label from official CatMeows filename; cat_id from official CatMeows filename
data/raw/dataset/I_CAN01_EU_FN_GIA01_307.wav,isolation,CAN01,valid,label from official CatMeows filename; cat_id from official CatMeows filename
data/raw/dataset/I_CLE01_EU_FN_FER01_101.wav,isolation,CLE01,valid,label from official CatMeows filename; cat_id from official CatMeows filename
data/raw/dataset/I_CLE01_EU_FN_FER01_102.wav,isolation,CLE01,valid,label from official CatMeows filename; cat_id from official CatMeows filename
data/raw/dataset/I_CLE01_EU_FN_FER01_103.wav,isolation,CLE01,valid,label from official CatMeows filename; cat_id from official CatMeows filename
data/raw/dataset/I_CLE01_EU_FN_FER01_104.wav,isolation,CLE01,valid,label from official CatMeows filename; cat_id from official CatMeows filename
data/raw/dataset/I_CLE01_EU_FN_FER01_105.wav,isolation,CLE01,valid,label from official CatMeows filename; cat_id from official CatMeows filename
data/raw/dataset/I_CLE01_EU_FN_FER01_106.wav,isolation,CLE01,valid,label from official CatMeows filename; cat_id from official CatMeows filename
data/raw/dataset/I_CLE01_EU_FN_FER01_107.wav,isolation,CLE01,valid,label from official CatMeows filename; cat_id from official CatMeows filename
data/raw/dataset/I_CLE01_EU_FN_FER01_109.wav,isolation,CLE01,valid,label from official CatMeows filename; cat_id from official CatMeows filename
data/raw/dataset/I_CLE01_EU_FN_FER01_110.wav,isolation,CLE01,valid,label from official CatMeows filename; cat_id from official CatMeows filename
data/raw/dataset/I_CLE01_EU_FN_FER01_111.wav,isolation,CLE01,valid,label from official CatMeows filename; cat_id from official CatMeows filename
data/raw/dataset/I_CLE01_EU_FN_FER01_112.wav,isolation,CLE01,valid,label from official CatMeows filename; cat_id from official CatMeows filename
data/raw/dataset/I_CLE01_EU_FN_FER01_113.wav,isolation,CLE01,valid,label from official CatMeows filename; cat_id from official CatMeows filename
data/raw/dataset/I_CLE01_EU_FN_FER01_114.wav,isolation,CLE01,valid,label from official CatMeows filename; cat_id from official CatMeows filename
data/raw/dataset/I_CLE01_EU_FN_FER01_115.wav,isolation,CLE01,valid,label from official CatMeows filename; cat_id from official CatMeows filename
data/raw/dataset/I_CLE01_EU_FN_FER01_116.wav,isolation,CLE01,valid,label from official CatMeows filename; cat_id from official CatMeows filename
data/raw/dataset/I_CLE01_EU_FN_FER01_117.wav,isolation,CLE01,valid,label from official CatMeows filename; cat_id from official CatMeows filename
data/raw/dataset/I_CLE01_EU_FN_FER01_118.wav,isolation,CLE01,valid,label from official CatMeows filename; cat_id from official CatMeows filename
data/raw/dataset/I_CLE01_EU_FN_FER01_119.wav,isolation,CLE01,valid,label from official CatMeows filename; cat_id from official CatMeows filename
data/raw/dataset/I_CLE01_EU_FN_FER01_120.wav,isolation,CLE01,valid,label from official CatMeows filename; cat_id from official CatMeows filename
data/raw/dataset/I_CLE01_EU_FN_FER01_121.wav,isolation,CLE01,valid,label from official CatMeows filename; cat_id from official CatMeows filename
data/raw/dataset/I_DAK01_MC_FN_SIM01_101.wav,isolation,DAK01,valid,label from official CatMeows filename; cat_id from official CatMeows filename
data/raw/dataset/I_DAK01_MC_FN_SIM01_102.wav,isolation,DAK01,valid,label from official CatMeows filename; cat_id from official CatMeows filename
data/raw/dataset/I_DAK01_MC_FN_SIM01_103.wav,isolation,DAK01,valid,label from official CatMeows filename; cat_id from official CatMeows filename
data/raw/dataset/I_DAK01_MC_FN_SIM01_104.wav,isolation,DAK01,valid,label from official CatMeows filename; cat_id from official CatMeows filename
data/raw/dataset/I_DAK01_MC_FN_SIM01_105.wav,isolation,DAK01,valid,label from official CatMeows filename; cat_id from official CatMeows filename
data/raw/dataset/I_DAK01_MC_FN_SIM01_106.wav,isolation,DAK01,valid,label from official CatMeows filename; cat_id from official CatMeows filename
data/raw/dataset/I_DAK01_MC_FN_SIM01_107.wav,isolation,DAK01,valid,label from official CatMeows filename; cat_id from official CatMeows filename
data/raw/dataset/I_DAK01_MC_FN_SIM01_108.wav,isolation,DAK01,valid,label from official CatMeows filename; cat_id from official CatMeows filename
data/raw/dataset/I_DAK01_MC_FN_SIM01_109.wav,isolation,DAK01,valid,label from official CatMeows filename; cat_id from official CatMeows filename
data/raw/dataset/I_DAK01_MC_FN_SIM01_110.wav,isolation,DAK01,valid,label from official CatMeows filename; cat_id from official CatMeows filename
data/raw/dataset/I_DAK01_MC_FN_SIM01_111.wav,isolation,DAK01,valid,label from official CatMeows filename; cat_id from official CatMeows filename
data/raw/dataset/I_DAK01_MC_FN_SIM01_112.wav,isolation,DAK01,valid,label from official CatMeows filename; cat_id from official CatMeows filename
data/raw/dataset/I_DAK01_MC_FN_SIM01_113.wav,isolation,DAK01,valid,label from official CatMeows filename; cat_id from official CatMeows filename
data/raw/dataset/I_DAK01_MC_FN_SIM01_114.wav,isolation,DAK01,valid,label from official CatMeows filename; cat_id from official CatMeows filename
data/raw/dataset/I_DAK01_MC_FN_SIM01_115.wav,isolation,DAK01,valid,label from official CatMeows filename; cat_id from official CatMeows filename
data/raw/dataset/I_DAK01_MC_FN_SIM01_116.wav,isolation,DAK01,valid,label from official CatMeows filename; cat_id from official CatMeows filename
data/raw/dataset/I_DAK01_MC_FN_SIM01_301.wav,isolation,DAK01,valid,label from official CatMeows filename; cat_id from official CatMeows filename
data/raw/dataset/I_DAK01_MC_FN_SIM01_302.wav,isolation,DAK01,valid,label from official CatMeows filename; cat_id from official CatMeows filename
data/raw/dataset/I_DAK01_MC_FN_SIM01_303.wav,isolation,DAK01,valid,label from official CatMeows filename; cat_id from official CatMeows filename
data/raw/dataset/I_DAK01_MC_FN_SIM01_304.wav,isolation,DAK01,valid,label from official CatMeows filename; cat_id from official CatMeows filename
data/raw/dataset/I_DAK01_MC_FN_SIM01_305.wav,isolation,DAK01,valid,label from official CatMeows filename; cat_id from official CatMeows filename
data/raw/dataset/I_DAK01_MC_FN_SIM01_306.wav,isolation,DAK01,valid,label from official CatMeows filename; cat_id from official CatMeows filename
data/raw/dataset/I_DAK01_MC_FN_SIM01_307.wav,isolation,DAK01,valid,label from official CatMeows filename; cat_id from official CatMeows filename
data/raw/dataset/I_DAK01_MC_FN_SIM01_308.wav,isolation,DAK01,valid,label from official CatMeows filename; cat_id from official CatMeows filename
data/raw/dataset/I_DAK01_MC_FN_SIM01_309.wav,isolation,DAK01,valid,label from official CatMeows filename; cat_id from official CatMeows filename
data/raw/dataset/I_DAK01_MC_FN_SIM01_310.wav,isolation,DAK01,valid,label from official CatMeows filename; cat_id from official CatMeows filename
data/raw/dataset/I_DAK01_MC_FN_SIM01_311.wav,isolation,DAK01,valid,label from official CatMeows filename; cat_id from official CatMeows filename
data/raw/dataset/I_DAK01_MC_FN_SIM01_312.wav,isolation,DAK01,valid,label from official CatMeows filename; cat_id from official CatMeows filename
data/raw/dataset/I_DAK01_MC_FN_SIM01_313.wav,isolation,DAK01,valid,label from official CatMeows filename; cat_id from official CatMeows filename
data/raw/dataset/I_DAK01_MC_FN_SIM01_314.wav,isolation,DAK01,valid,label from official CatMeows filename; cat_id from official CatMeows filename
data/raw/dataset/I_DAK01_MC_FN_SIM01_315.wav,isolation,DAK01,valid,label from official CatMeows filename; cat_id from official CatMeows filename
data/raw/dataset/I_DAK01_MC_FN_SIM01_316.wav,isolation,DAK01,valid,label from official CatMeows filename; cat_id from official CatMeows filename
data/raw/dataset/I_MAG01_EU_FN_FED01_101.wav,isolation,MAG01,valid,label from official CatMeows filename; cat_id from official CatMeows filename
data/raw/dataset/I_MAG01_EU_FN_FED01_201.wav,isolation,MAG01,valid,label from official CatMeows filename; cat_id from official CatMeows filename
data/raw/dataset/I_MAG01_EU_FN_FED01_202.wav,isolation,MAG01,valid,label from official CatMeows filename; cat_id from official CatMeows filename
data/raw/dataset/I_MAT01_EU_FN_RIT01_201.wav,isolation,MAT01,valid,label from official CatMeows filename; cat_id from official CatMeows filename
data/raw/dataset/I_MAT01_EU_FN_RIT01_202.wav,isolation,MAT01,valid,label from official CatMeows filename; cat_id from official CatMeows filename
data/raw/dataset/I_MAT01_EU_FN_RIT01_203.wav,isolation,MAT01,valid,label from official CatMeows filename; cat_id from official CatMeows filename
data/raw/dataset/I_MAT01_EU_FN_RIT01_204.wav,isolation,MAT01,valid,label from official CatMeows filename; cat_id from official CatMeows filename
data/raw/dataset/I_MAT01_EU_FN_RIT01_205.wav,isolation,MAT01,valid,label from official CatMeows filename; cat_id from official CatMeows filename
data/raw/dataset/I_MAT01_EU_FN_RIT01_206.wav,isolation,MAT01,valid,label from official CatMeows filename; cat_id from official CatMeows filename
data/raw/dataset/I_MAT01_EU_FN_RIT01_207.wav,isolation,MAT01,valid,label from official CatMeows filename; cat_id from official CatMeows filename
data/raw/dataset/I_MAT01_EU_FN_RIT01_208.wav,isolation,MAT01,valid,label from official CatMeows filename; cat_id from official CatMeows filename
data/raw/dataset/I_MAT01_EU_FN_RIT01_209.wav,isolation,MAT01,valid,label from official CatMeows filename; cat_id from official CatMeows filename
data/raw/dataset/I_MAT01_EU_FN_RIT01_210.wav,isolation,MAT01,valid,label from official CatMeows filename; cat_id from official CatMeows filename
data/raw/dataset/I_MEG01_MC_FI_SIM01_101.wav,isolation,MEG01,valid,label from official CatMeows filename; cat_id from official CatMeows filename
data/raw/dataset/I_MEG01_MC_FI_SIM01_102.wav,isolation,MEG01,valid,label from official CatMeows filename; cat_id from official CatMeows filename
data/raw/dataset/I_MEG01_MC_FI_SIM01_103.wav,isolation,MEG01,valid,label from official CatMeows filename; cat_id from official CatMeows filename
data/raw/dataset/I_MEG01_MC_FI_SIM01_104.wav,isolation,MEG01,valid,label from official CatMeows filename; cat_id from official CatMeows filename
data/raw/dataset/I_MEG01_MC_FI_SIM01_301.wav,isolation,MEG01,valid,label from official CatMeows filename; cat_id from official CatMeows filename
data/raw/dataset/I_MEG01_MC_FI_SIM01_302.wav,isolation,MEG01,valid,label from official CatMeows filename; cat_id from official CatMeows filename
data/raw/dataset/I_MEG01_MC_FI_SIM01_303.wav,isolation,MEG01,valid,label from official CatMeows filename; cat_id from official CatMeows filename
data/raw/dataset/I_MEG01_MC_FI_SIM01_304.wav,isolation,MEG01,valid,label from official CatMeows filename; cat_id from official CatMeows filename
data/raw/dataset/I_MEG01_MC_FI_SIM01_305.wav,isolation,MEG01,valid,label from official CatMeows filename; cat_id from official CatMeows filename
data/raw/dataset/I_MEG01_MC_FI_SIM01_306.wav,isolation,MEG01,valid,label from official CatMeows filename; cat_id from official CatMeows filename
data/raw/dataset/I_MIN01_EU_FN_BEN01_101.wav,isolation,MIN01,valid,label from official CatMeows filename; cat_id from official CatMeows filename
data/raw/dataset/I_MIN01_EU_FN_BEN01_102.wav,isolation,MIN01,valid,label from official CatMeows filename; cat_id from official CatMeows filename
data/raw/dataset/I_MIN01_EU_FN_BEN01_103.wav,isolation,MIN01,valid,label from official CatMeows filename; cat_id from official CatMeows filename
data/raw/dataset/I_MIN01_EU_FN_BEN01_104.wav,isolation,MIN01,valid,label from official CatMeows filename; cat_id from official CatMeows filename
data/raw/dataset/I_MIN01_EU_FN_BEN01_105.wav,isolation,MIN01,valid,label from official CatMeows filename; cat_id from official CatMeows filename
data/raw/dataset/I_MIN01_EU_FN_BEN01_106.wav,isolation,MIN01,valid,label from official CatMeows filename; cat_id from official CatMeows filename
data/raw/dataset/I_NIG01_MC_MN_SIM01_201.wav,isolation,NIG01,valid,label from official CatMeows filename; cat_id from official CatMeows filename
data/raw/dataset/I_NUL01_MC_MI_SIM01_101.wav,isolation,NUL01,valid,label from official CatMeows filename; cat_id from official CatMeows filename
data/raw/dataset/I_NUL01_MC_MI_SIM01_201.wav,isolation,NUL01,valid,label from official CatMeows filename; cat_id from official CatMeows filename
data/raw/dataset/I_NUL01_MC_MI_SIM01_202.wav,isolation,NUL01,valid,label from official CatMeows filename; cat_id from official CatMeows filename
data/raw/dataset/I_NUL01_MC_MI_SIM01_203.wav,isolation,NUL01,valid,label from official CatMeows filename; cat_id from official CatMeows filename
data/raw/dataset/I_NUL01_MC_MI_SIM01_204.wav,isolation,NUL01,valid,label from official CatMeows filename; cat_id from official CatMeows filename
data/raw/dataset/I_NUL01_MC_MI_SIM01_205.wav,isolation,NUL01,valid,label from official CatMeows filename; cat_id from official CatMeows filename
data/raw/dataset/I_NUL01_MC_MI_SIM01_301.wav,isolation,NUL01,valid,label from official CatMeows filename; cat_id from official CatMeows filename
data/raw/dataset/I_NUL01_MC_MI_SIM01_302.wav,isolation,NUL01,valid,label from official CatMeows filename; cat_id from official CatMeows filename
data/raw/dataset/I_NUL01_MC_MI_SIM01_303.wav,isolation,NUL01,valid,label from official CatMeows filename; cat_id from official CatMeows filename
data/raw/dataset/I_NUL01_MC_MI_SIM01_304.wav,isolation,NUL01,valid,label from official CatMeows filename; cat_id from official CatMeows filename
data/raw/dataset/I_REG01_EU_FN_GIO01_201.wav,isolation,REG01,valid,label from official CatMeows filename; cat_id from official CatMeows filename
data/raw/dataset/I_SPI01_EU_MN_NAI01_101.wav,isolation,SPI01,valid,label from official CatMeows filename; cat_id from official CatMeows filename
data/raw/dataset/I_SPI01_EU_MN_NAI01_102.wav,isolation,SPI01,valid,label from official CatMeows filename; cat_id from official CatMeows filename
data/raw/dataset/I_SPI01_EU_MN_NAI01_103.wav,isolation,SPI01,valid,label from official CatMeows filename; cat_id from official CatMeows filename
data/raw/dataset/I_SPI01_EU_MN_NAI01_104.wav,isolation,SPI01,valid,label from official CatMeows filename; cat_id from official CatMeows filename
data/raw/dataset/I_SPI01_EU_MN_NAI01_105.wav,isolation,SPI01,valid,label from official CatMeows filename; cat_id from official CatMeows filename
data/raw/dataset/I_SPI01_EU_MN_NAI01_201.wav,isolation,SPI01,valid,label from official CatMeows filename; cat_id from official CatMeows filename
data/raw/dataset/I_SPI01_EU_MN_NAI01_202.wav,isolation,SPI01,valid,label from official CatMeows filename; cat_id from official CatMeows filename
data/raw/dataset/I_SPI01_EU_MN_NAI01_203.wav,isolation,SPI01,valid,label from official CatMeows filename; cat_id from official CatMeows filename
data/raw/dataset/I_SPI01_EU_MN_NAI01_204.wav,isolation,SPI01,valid,label from official CatMeows filename; cat_id from official CatMeows filename
data/raw/dataset/I_SPI01_EU_MN_NAI01_205.wav,isolation,SPI01,valid,label from official CatMeows filename; cat_id from official CatMeows filename
data/raw/dataset/I_SPI01_EU_MN_NAI01_301.wav,isolation,SPI01,valid,label from official CatMeows filename; cat_id from official CatMeows filename
data/raw/dataset/I_SPI01_EU_MN_NAI01_302.wav,isolation,SPI01,valid,label from official CatMeows filename; cat_id from official CatMeows filename
data/raw/dataset/I_SPI01_EU_MN_NAI01_303.wav,isolation,SPI01,valid,label from official CatMeows filename; cat_id from official CatMeows filename
data/raw/dataset/I_SPI01_EU_MN_NAI01_304.wav,isolation,SPI01,valid,label from official CatMeows filename; cat_id from official CatMeows filename
data/raw/dataset/I_SPI01_EU_MN_NAI01_305.wav,isolation,SPI01,valid,label from official CatMeows filename; cat_id from official CatMeows filename
data/raw/dataset/I_TIG01_EU_FN_GIU01_201.wav,isolation,TIG01,valid,label from official CatMeows filename; cat_id from official CatMeows filename
data/raw/dataset/I_TIG01_EU_FN_GIU01_202.wav,isolation,TIG01,valid,label from official CatMeows filename; cat_id from official CatMeows filename
data/raw/dataset/I_TIG01_EU_FN_GIU01_203.wav,isolation,TIG01,valid,label from official CatMeows filename; cat_id from official CatMeows filename
data/raw/dataset/I_WHO01_MC_FI_SIM01_101.wav,isolation,WHO01,valid,label from official CatMeows filename; cat_id from official CatMeows filename
data/raw/dataset/I_WHO01_MC_FI_SIM01_102.wav,isolation,WHO01,valid,label from official CatMeows filename; cat_id from official CatMeows filename
data/raw/dataset/I_WHO01_MC_FI_SIM01_103.wav,isolation,WHO01,valid,label from official CatMeows filename; cat_id from official CatMeows filename
data/raw/dataset/I_WHO01_MC_FI_SIM01_104.wav,isolation,WHO01,valid,label from official CatMeows filename; cat_id from official CatMeows filename
data/raw/dataset/I_WHO01_MC_FI_SIM01_105.wav,isolation,WHO01,valid,label from official CatMeows filename; cat_id from official CatMeows filename
data/raw/dataset/I_WHO01_MC_FI_SIM01_106.wav,isolation,WHO01,valid,label from official CatMeows filename; cat_id from official CatMeows filename
data/raw/dataset/I_WHO01_MC_FI_SIM01_107.wav,isolation,WHO01,valid,label from official CatMeows filename; cat_id from official CatMeows filename
data/raw/dataset/I_WHO01_MC_FI_SIM01_108.wav,isolation,WHO01,valid,label from official CatMeows filename; cat_id from official CatMeows filename
data/raw/dataset/I_WHO01_MC_FI_SIM01_109.wav,isolation,WHO01,valid,label from official CatMeows filename; cat_id from official CatMeows filename
data/raw/dataset/I_WHO01_MC_FI_SIM01_110.wav,isolation,WHO01,valid,label from official CatMeows filename; cat_id from official CatMeows filename
data/raw/dataset/I_WHO01_MC_FI_SIM01_111.wav,isolation,WHO01,valid,label from official CatMeows filename; cat_id from official CatMeows filename
data/raw/dataset/I_WHO01_MC_FI_SIM01_112.wav,isolation,WHO01,valid,label from official CatMeows filename; cat_id from official CatMeows filename
data/raw/dataset/I_WHO01_MC_FI_SIM01_113.wav,isolation,WHO01,valid,label from official CatMeows filename; cat_id from official CatMeows filename
data/raw/dataset/I_WHO01_MC_FI_SIM01_114.wav,isolation,WHO01,valid,label from official CatMeows filename; cat_id from official CatMeows filename
data/raw/dataset/I_WHO01_MC_FI_SIM01_115.wav,isolation,WHO01,valid,label from official CatMeows filename; cat_id from official CatMeows filename
data/raw/dataset/I_WHO01_MC_FI_SIM01_116.wav,isolation,WHO01,valid,label from official CatMeows filename; cat_id from official CatMeows filename
data/raw/dataset/I_WHO01_MC_FI_SIM01_201.wav,isolation,WHO01,valid,label from official CatMeows filename; cat_id from official CatMeows filename
data/raw/dataset/I_WHO01_MC_FI_SIM01_301.wav,isolation,WHO01,valid,label from official CatMeows filename; cat_id from official CatMeows filename
